Model,Test Accuracy
Baseline CNN,0.9900000095367432
Dropout CNN,0.9919000267982483
BatchNorm CNN,0.9904999732971191
